,PRED,SIGMA
0,118.002174,49.9344
1,118.84705,50.54701
2,119.72472,51.178005
3,120.62019,51.83018
4,121.534294,52.487495
5,122.45607,53.124077
6,123.38751,53.773685
7,124.28012,54.37853
8,125.15176,54.940758
9,125.989746,55.47573
10,126.81369,55.998177
11,127.61322,56.464832
12,128.409,56.926548
13,129.19727,57.384518
14,129.98213,57.839268
15,130.76549,58.29225
16,131.54315,58.743095
17,132.31592,59.197113
18,133.12115,59.642124
19,133.94615,60.07498
20,134.7781,60.501625
21,135.61093,60.90135
22,136.43924,61.281567
23,137.28024,61.651295
24,138.1206,61.98764
25,138.9726,62.31205
26,139.84236,62.621433
27,140.71948,62.917255
28,141.62192,63.20696
29,142.56384,63.49636
30,143.5202,63.7977
31,144.4796,64.13323
32,145.48811,64.500015
33,146.56306,64.88216
34,147.66103,65.23916
35,148.79118,65.49792
36,149.6903,65.43482
37,150.16818,64.84271
38,149.8616,63.370926
39,148.96243,61.37081
40,148.96632,60.612015
41,149.86726,60.95161
42,150.98105,61.620544
43,152.03271,62.27526
44,152.86859,62.812016
45,153.45963,63.17907
46,153.93167,63.478046
47,154.46681,63.82153
48,154.95609,64.113335
49,155.40681,64.30901
50,155.65646,64.32203
51,155.4743,63.997303
52,155.08414,63.489117
53,154.86368,63.108135
54,154.86879,62.88173
55,154.97964,62.72975
56,155.16339,62.626293
57,155.36707,62.51369
58,155.57574,62.3859
59,155.75464,62.247833
60,155.90668,62.098156
61,156.04361,61.947342
62,156.16736,61.779697
63,156.28152,61.605976
64,156.36877,61.42297
65,156.4313,61.227196
66,156.46976,61.016563
67,156.47388,60.783775
68,156.46931,60.5363
69,156.44475,60.276276
70,156.41614,59.981525
71,156.56737,59.793686
72,158.07385,60.569515
73,158.5145,60.542675
74,158.46518,60.091766
75,158.51146,59.661762
76,158.67226,59.292816
77,158.93011,58.931694
78,159.27731,58.552536
79,159.72862,58.179928
80,160.2663,57.83348
81,160.80566,57.513626
82,161.3457,57.205574
83,161.85278,56.86479
84,162.37659,56.521
85,162.89879,56.21608
86,163.48341,55.8558
87,164.07678,55.504868
88,164.6593,55.181343
89,165.24149,54.868256
90,165.8197,54.5707
91,166.40051,54.29615
92,167.04126,54.02675
93,167.73221,53.68229
94,168.4523,53.298515
95,169.16313,52.93708
96,169.88991,52.563583
97,170.63297,52.173943
98,171.41525,51.732574
99,172.2091,51.30465
100,173.14722,50.94255
101,174.18898,50.603683
102,175.28345,50.244953
103,176.38458,49.919285
104,177.47287,49.615833
105,178.57861,49.300377
106,179.6497,49.018684
107,180.70657,48.77006
108,181.76476,48.533936
109,182.7915,48.311268
110,183.7827,48.091167
111,184.72272,47.883057
112,185.63965,47.64268
113,186.5224,47.366364
114,187.36087,47.052185
115,188.1428,46.699543
116,188.8684,46.303127
117,189.57404,45.802235
118,190.26788,45.19942
119,190.84622,44.603607
120,191.35622,43.95631
121,191.8166,43.281254
122,192.30405,42.63681
123,192.8179,41.98505
124,193.28302,41.368076
125,193.76001,40.814114
126,194.29395,40.21676
127,194.86465,39.70367
128,195.5478,39.337543
129,196.02492,38.841057
130,196.04462,38.075027
131,195.69414,37.204445
132,195.42943,36.53919
133,195.54521,36.122894
134,195.98663,35.79256
135,196.54941,35.540188
136,197.18881,35.19184
137,197.8044,34.70922
138,198.27592,34.115
139,198.5564,33.36084
140,198.6411,32.437836
141,198.58583,31.468891
142,198.5176,30.596468
143,198.5171,29.863565
144,198.68849,29.297071
145,199.07166,28.865562
146,199.52957,28.504923
147,200.02953,28.211596
148,200.55907,27.9502
149,201.07776,27.703253
150,201.60904,27.476038
151,202.1527,27.275373
152,202.6993,27.10729
153,203.21625,26.983015
154,203.70459,26.91388
155,204.16989,26.86754
156,204.60953,26.843788
157,205.01782,26.84078
158,205.39545,26.860401
159,205.71793,26.895344
160,205.99617,26.946342
161,206.24533,27.013163
162,206.47278,27.094357
163,206.68304,27.186357
164,206.91565,27.32649
165,207.2119,27.568981
166,207.49626,27.813532
167,207.77708,28.061571
168,208.07585,28.316868
169,208.39084,28.584673
170,208.70876,28.853363
171,209.05087,29.12418
172,209.42474,29.376303
173,209.80806,29.65214
174,210.17703,29.923748
175,210.53375,30.19114
176,210.87926,30.459637
177,211.26418,30.746681
178,211.64737,31.029099
179,211.99872,31.316349
180,212.34738,31.670553
181,212.69713,32.05729
182,213.05069,32.451397
183,213.48312,32.917034
184,214.12985,33.50711
185,215.03447,34.26115
186,216.26334,35.252018
187,217.32556,36.206753
188,218.02756,36.86349
189,218.655,37.372143
190,219.3306,37.80589
191,220.00064,38.154823
192,220.61958,38.39831
193,221.15915,38.526077
194,221.5617,38.575684
195,221.84769,38.502132
196,222.23367,38.56412
197,222.6395,38.64066
198,223.05368,38.706783
199,223.51413,38.801075
200,224.0358,38.932552
201,224.61482,39.0214
202,225.20941,39.141617
203,225.80362,39.27554
204,226.40619,39.40837
205,227.01907,39.55301
206,227.64244,39.69848
207,228.31696,39.785007
208,229.00607,39.83938
209,229.63916,39.87407
210,230.26889,39.915882
211,230.896,39.970535
212,231.52066,40.03511
213,232.15277,40.096962
214,232.77643,40.172794
215,233.37277,40.281803
216,233.95496,40.408592
217,234.52313,40.552475
218,235.07088,40.719936
219,235.60559,40.90345
220,236.12335,41.1077
221,236.60965,41.344604
222,237.08093,41.59795
223,237.53609,41.86847
224,237.95294,42.174698
225,238.3455,42.505707
226,238.7193,42.85167
227,239.0794,43.213654
228,239.42221,43.590145
229,239.74881,43.979115
230,240.06036,44.380352
231,240.35773,44.795544
232,240.63815,45.22186
233,240.90817,45.653885
234,241.16351,46.094414
235,241.40303,46.54532
236,241.63533,47.00613
237,241.86899,47.45484
238,242.09035,47.890244
239,242.29039,48.288414
240,242.50772,48.651783
241,242.74179,48.98111
242,243.02222,49.244907
243,243.4126,49.37206
244,244.08102,49.18313
245,245.48001,48.235546
246,248.40466,45.91408
247,252.68167,42.978725
248,256.53528,41.2263
249,260.04007,40.46758
250,262.16684,40.51592
251,263.8683,40.824482
252,265.31296,41.275425
253,266.70947,41.84197
254,268.4519,42.640354
255,270.39325,43.70334
256,271.95074,44.748005
257,273.0043,45.59088
258,273.69037,46.2364
259,274.1547,46.746902
260,274.48248,47.17644
261,274.72974,47.553383
262,274.92084,47.900974
263,275.07437,48.23587
264,275.1941,48.56493
265,275.29425,48.89849
266,275.3764,49.231037
267,275.47192,49.51944
268,275.54602,49.825512
269,275.59744,50.151535
270,275.62085,50.50469
271,275.6244,50.876045
272,275.61203,51.261738
273,275.60022,51.649574
274,275.5705,52.05536
275,275.54306,52.452885
276,275.524,52.83504
277,275.517,53.196663
278,275.52435,53.533146
279,275.54584,53.842083
280,275.5829,54.125793
281,275.6348,54.385124
282,275.69632,54.616516
283,275.7645,54.829773
284,275.90076,54.997444
285,276.09085,55.113884
286,276.32178,55.18182
287,276.56458,55.237988
288,276.8153,55.280964
289,277.0735,55.31184
290,277.33853,55.330902
291,277.6114,55.341305
292,277.89777,55.354668
293,278.24704,55.43079
294,278.59787,55.498917
295,278.9505,55.559284
296,279.30374,55.612553
297,279.65698,55.65908
298,280.00977,55.699203
299,280.36176,55.73316
300,280.71423,55.762188
301,281.06366,55.78748
302,281.4131,55.804615
303,281.76193,55.813633
304,282.10852,55.817142
305,282.4523,55.815178
306,282.77914,55.827877
307,283.12186,55.80807
308,283.48798,55.74513
309,283.8489,55.67696
310,284.20316,55.601875
311,284.55685,55.524952
312,284.93317,55.47691
313,285.31177,55.43097
314,285.6858,55.380924
315,286.0554,55.32679
316,286.4291,55.275383
317,286.804,55.2276
318,287.16946,55.17465
319,287.53055,55.120293
320,287.88687,55.06317
321,288.23846,55.00536
322,288.67627,55.017586
323,289.21576,55.14045
324,289.7633,55.258144
325,290.3451,55.333065
326,290.94638,55.386242
327,291.54602,55.44727
328,292.1429,55.51722
329,292.73685,55.593742
330,293.32855,55.67517
331,293.9156,55.760242
332,294.49704,55.84912
333,295.07227,55.942905
334,295.63925,56.041348
335,296.19574,56.144398
336,296.74023,56.251102
337,297.27002,56.36135
338,297.78055,56.47755
339,298.25876,56.588997
340,298.69687,56.695103
341,299.0978,56.821213
342,299.4636,56.964687
343,299.78607,57.128334
344,300.04962,57.33247
345,300.24057,57.601223
346,300.3446,57.947117
347,300.3675,58.36041
348,300.41925,58.78133
349,300.5482,59.174946
350,300.72278,59.553196
351,300.95605,59.94737
352,301.25473,60.33247
353,301.563,60.70662
354,301.87076,61.084244
355,302.18317,61.463314
356,302.50198,61.837296
357,302.82245,62.216488
358,303.15918,62.581657
359,303.5078,62.936222
360,303.8716,63.276062
361,304.25595,63.59502
362,304.6561,63.89884
363,305.0763,64.18128
364,305.51392,64.44626
365,305.96185,64.70183
366,306.4172,64.94834
367,306.8789,65.18684
368,307.34686,65.41901
369,307.81848,65.64493
370,308.2926,65.86542
371,308.7857,66.06709
372,309.2826,66.26243
373,309.7792,66.454384
374,310.2749,66.64352
375,310.76917,66.83028
376,311.26093,67.01557
377,311.7505,67.19908
378,312.2405,67.37775
379,312.7297,67.55269
380,313.21838,67.72781
381,313.7032,67.90059
382,314.1809,68.07385
383,314.62787,68.274925
384,315.07187,68.47426
385,315.51288,68.67165
386,315.9509,68.86707
387,316.3861,69.06015
388,316.81174,69.25636
389,317.233,69.45145
390,317.65686,69.6383
391,318.0775,69.823
392,318.49466,70.005646
393,318.90015,70.1926
394,319.3042,70.375755
395,319.70752,70.55442
396,320.1095,70.72857
397,320.50632,70.902
398,320.89938,71.07391
399,321.2896,71.24316
400,321.67484,71.41121
401,322.05423,71.57793
402,322.4284,71.743744
403,322.79745,71.90886
404,323.16113,72.07309
405,323.5188,72.23719
406,323.86963,72.40182
407,324.21457,72.56593
408,324.55353,72.72973
409,324.8864,72.89331
410,325.213,73.056625
411,325.5367,73.2168
412,325.8606,73.371056
413,326.17487,73.52805
414,326.4772,73.688576
415,326.7717,73.84886
416,327.05875,74.00925
417,327.33673,74.16927
418,327.6041,74.32844
419,327.85913,74.48645
420,328.09888,74.64226
421,328.31897,74.7946
422,328.51373,74.94006
423,328.70496,75.08373
424,328.8527,75.21004
425,328.92218,75.30605
426,328.8945,75.37603
427,328.75204,75.4179
428,328.15582,75.34166
429,322.81042,74.59401
430,316.50125,75.28622
431,315.49713,75.759346
432,314.90686,76.16842
433,314.58835,76.51734
434,314.52975,76.79145
435,314.8904,76.9209
436,315.4742,76.98243
437,316.1527,77.020424
438,316.86105,77.05689
439,317.5631,77.10266
440,318.15802,77.181816
441,318.51376,77.32137
442,318.4404,77.56488
443,318.2448,77.8442
444,317.7994,78.20088
445,317.91132,78.40555
446,317.9186,78.641
447,314.86395,79.98074
448,308.7398,83.45677
449,308.77203,83.72589
450,308.995,83.87181
451,309.23352,84.00431
452,309.4863,84.12398
453,309.72223,84.25074
454,309.9348,84.388306
455,310.11838,84.5252
456,310.28717,84.66023
457,310.44373,84.80233
458,310.5751,84.95835
459,310.76294,85.09981
460,310.9728,85.239075
461,311.13617,85.39973
462,311.23608,85.586464
463,311.2402,85.80939
464,311.12067,86.077835
465,310.74158,86.44267
466,310.32935,86.82507
467,310.272,87.076035
468,310.32257,87.28555
469,310.43958,87.469284
470,310.56158,87.65074
471,310.67825,87.833534
472,310.78836,88.01735
473,310.89978,88.19759
474,311.0015,88.38018
475,311.09485,88.56452
476,311.17926,88.75157
477,311.25146,88.94125
478,311.319,89.12951
479,311.38748,89.3149
480,311.46014,89.49597
481,311.53714,89.6721
482,311.62314,89.84204
483,311.73004,90.00212
484,311.8729,90.147026
485,312.06732,90.271286
486,312.32993,90.36975
487,312.67288,90.438286
488,313.0869,90.48223
489,313.54834,90.51242
490,314.02414,90.53602
491,314.48947,90.5567
492,314.91748,90.58761
493,315.3048,90.62881
494,315.6565,90.67781
495,315.99622,90.726654
496,316.31284,90.776695
497,316.61032,90.82942
498,316.8953,90.88304
499,317.1725,90.936516
500,317.44476,90.98918
501,317.71378,91.04224
502,317.9855,91.09295
503,318.25632,91.14012
504,318.52753,91.185486
505,318.79852,91.229515
506,319.06982,91.27204
507,319.34033,91.313255
508,319.61157,91.353004
509,319.88324,91.3914
510,320.15305,91.42541
511,320.422,91.45778
512,320.69022,91.48929
513,320.9574,91.52003
514,321.22336,91.55014
515,321.48697,91.58012
516,321.7481,91.60996
517,322.0071,91.639496
518,322.26358,91.668945
519,322.52048,91.697845
520,322.7761,91.72644
521,323.0285,91.755325
522,323.278,91.78437
523,323.52484,91.81364
524,323.76666,91.841225
525,324.0032,91.86801
526,324.23505,91.89618
527,324.46283,91.92513
528,324.6865,91.955345
529,324.9061,91.986755
530,325.12146,92.019615
531,325.33252,92.053665
532,325.53912,92.08896
533,325.7412,92.12563
534,325.93875,92.1638
535,326.13177,92.20346
536,326.32126,92.246544
537,326.5074,92.292114
538,326.6902,92.33826
539,326.86835,92.38626
540,327.04172,92.43632
541,327.2104,92.4885
542,327.37448,92.54324
543,327.53372,92.60035
544,327.68808,92.65982
545,327.8455,92.71383
546,328.03128,92.736336
547,328.21332,92.76023
548,328.39157,92.78548
549,328.56616,92.812164
550,328.73727,92.84038
551,328.90378,92.868614
552,329.0648,92.895836
553,329.2218,92.92413
554,329.375,92.95418
555,329.52444,92.98598
556,329.67007,93.01963
557,329.81183,93.05516
558,329.9497,93.09263
559,330.08377,93.13215
560,330.2123,93.171135
561,330.3362,93.21328
562,330.45523,93.2583
563,330.5703,93.30564
564,330.68158,93.355156
565,330.7889,93.40701
566,330.8923,93.46118
567,330.99194,93.51755
568,331.08792,93.57605
569,331.17993,93.63699
570,331.268,93.70046
571,331.3521,93.76645
572,331.43527,93.83164
573,331.534,93.87891
574,331.62967,93.9276
575,331.72235,93.97792
576,331.81223,94.02966
577,331.89902,94.08297
578,331.9828,94.13783
579,332.06354,94.19431
580,332.14133,94.2524
581,332.21606,94.31196
582,332.2879,94.373146
583,332.35675,94.43595
584,332.42273,94.50023
585,332.4857,94.56607
586,332.54596,94.63336
587,332.60333,94.70205
588,332.65802,94.7722
589,332.70996,94.84374
590,332.75922,94.9166
591,332.80798,94.98837
592,332.8624,95.052704
593,332.9143,95.11812
594,332.9639,95.1845
595,333.01114,95.25182
596,333.05618,95.320114
597,333.0991,95.38918
598,333.1398,95.459045
599,333.17853,95.5296
600,333.21533,95.60066
601,333.25098,95.673325
602,333.28598,95.74846
603,333.31934,95.823975
604,333.35123,95.899666
605,333.38434,95.974396
606,333.416,96.049225
607,333.44623,96.12405
608,333.47522,96.19886
609,333.50302,96.27345
610,333.52963,96.34781
611,333.55527,96.4219
612,333.57983,96.495575
613,333.60355,96.56873
614,333.62653,96.64123
615,333.6489,96.71293
616,333.67065,96.78378
617,333.6918,96.85393
618,333.71243,96.92313
619,333.735,96.99112
620,333.76065,97.05773
621,333.78604,97.12329
622,333.81097,97.187386
623,333.8357,97.25022
624,333.86038,97.31186
625,333.88495,97.372215
626,333.9095,97.431206
627,333.93408,97.48891
628,333.9588,97.545265
629,333.99677,97.589165
630,334.0543,97.61273
631,334.12076,97.63665
632,334.18713,97.66025
633,334.2536,97.683784
634,334.31964,97.70651
635,334.3853,97.72829
636,334.4507,97.74924
637,334.51575,97.76928
638,334.58044,97.788445
639,334.6449,97.80669
640,334.70688,97.82426
641,334.76868,97.84099
642,334.83017,97.856766
643,334.8915,97.87172
644,334.9721,97.916855
645,335.05692,97.968315
646,335.14136,98.018745
647,335.22546,98.06815
648,335.3093,98.116615
649,335.39276,98.1641
650,335.47595,98.21064
651,335.56375,98.26419
652,335.65848,98.328415
653,335.756,98.39676
654,335.8532,98.46423
655,335.95007,98.53091
656,336.04663,98.59674
657,336.14288,98.6617
658,336.23883,98.72604
659,336.33572,98.78971
660,336.43222,98.852554
661,336.5284,98.91466
662,336.62402,98.976295
663,336.7178,99.03863
664,336.8113,99.100266
665,336.90445,99.16117
666,336.99725,99.22128
667,337.08957,99.2807
668,337.18146,99.33943
669,337.27298,99.39746
670,337.36414,99.45492
671,337.45474,99.51161
672,337.54504,99.56783
673,337.63474,99.62328
674,337.72406,99.67827
675,337.81296,99.73261
676,337.9013,99.786385
677,337.98914,99.839615
678,338.07648,99.89232
679,338.16333,99.94448
680,338.2497,99.99614
681,338.3351,100.047905
682,338.4201,100.09938
683,338.50354,100.15143
684,338.5864,100.20307
685,338.6751,100.264465
686,338.76556,100.328995
687,338.8554,100.39293
688,338.94464,100.45637
689,339.0333,100.519325
690,339.1214,100.581825
691,339.20886,100.64385
692,339.29575,100.70535
693,339.38196,100.76645
694,339.4676,100.82711
695,339.55252,100.88734
696,339.63684,100.947105
697,339.72058,101.00655
698,339.80356,101.065475
699,339.88593,101.124054
700,339.96762,101.18225
701,340.04858,101.24001
702,340.12897,101.297485
703,340.2086,101.35444
704,340.28754,101.41122
705,340.3659,101.46757
706,340.44342,101.52349
707,340.52036,101.57923
708,340.59622,101.63499
709,340.6712,101.69054
710,340.74548,101.745674
711,340.81915,101.8005
712,340.89236,101.85474
713,340.96484,101.90864
714,341.03662,101.96236
715,341.10764,102.015594
716,341.17795,102.06859
717,341.24762,102.12137
718,341.31647,102.173775
719,341.3847,102.22588
720,341.45218,102.27778
721,341.51892,102.32929
722,341.58493,102.380516
723,341.64893,102.42936
724,341.71213,102.47783
725,341.77618,102.524284
726,341.84155,102.568214
727,341.90625,102.61184
728,341.9702,102.65517
729,342.03354,102.698235
730,342.09613,102.741
731,342.15753,102.78372
732,342.2181,102.826126
733,342.27805,102.868225
734,342.3373,102.910126
735,342.3959,102.95166
736,342.45392,102.99293
737,342.51126,103.03393
738,342.56805,103.07457
739,342.62402,103.11504
740,342.67914,103.15508
741,342.73358,103.19487
742,342.78735,103.234474
743,342.84042,103.27372
744,342.89282,103.31268
745,342.94464,103.3514
746,342.99567,103.3898
747,343.04605,103.42791
748,343.0956,103.4658
749,343.14453,103.503426
750,343.19272,103.5407
751,343.24026,103.577705
752,343.28708,103.614395
753,343.33328,103.65079
754,343.3788,103.68701
755,343.4237,103.72287
756,343.46786,103.75839
757,343.51138,103.79365
758,343.55414,103.82867
759,343.59586,103.86378
760,343.6368,103.89868
761,343.67712,103.933304
762,343.7167,103.96757
763,343.75568,104.00156
764,343.79404,104.03536
765,343.83167,104.068695
766,343.86865,104.10181
767,343.90503,104.134636
768,343.94073,104.16724
769,343.97577,104.199356
770,344.01016,104.231285
771,344.04395,104.262985
772,344.07703,104.29424
773,344.10944,104.32528
774,344.14117,104.355934
775,344.17236,104.38637
776,344.20282,104.41646
777,344.23264,104.446266
778,344.2618,104.47574
779,344.2904,104.50496
780,344.3183,104.53385
781,344.34552,104.56237
782,344.37213,104.5907
783,344.39813,104.61867
784,344.4234,104.646324
785,344.44812,104.67362
786,344.47214,104.70071
787,344.49548,104.7274
788,344.51822,104.75383
789,344.5404,104.780045
790,344.56183,104.80579
791,344.58264,104.831276
792,344.60278,104.85646
793,344.6223,104.88134
794,344.6412,104.90593
795,344.6595,104.93016
796,344.6771,104.9541
797,344.69406,104.977745
798,344.7104,105.00103
799,344.72607,105.02406
800,344.74115,105.04687
801,344.75546,105.06934
802,344.76917,105.09141
803,344.7823,105.11334
804,344.79468,105.134834
805,344.8065,105.156044
806,344.8177,105.17705
807,344.82825,105.19759
808,344.8381,105.21781
809,344.84735,105.23783
810,344.85602,105.25756
811,344.86398,105.27683
812,344.87137,105.29588
813,344.87805,105.31462
814,344.8842,105.333046
815,344.88965,105.351105
816,344.89453,105.368904
817,344.89877,105.38637
818,344.90237,105.40356
819,344.90536,105.42034
820,344.90765,105.43684
821,344.9094,105.45311
822,344.91043,105.46897
823,344.91083,105.48448
824,344.91064,105.499756
825,344.90985,105.51473
826,344.9084,105.52939
827,344.90628,105.54367
828,344.90356,105.55772
829,344.90027,105.571465
830,344.89624,105.58478
831,344.89166,105.59794
832,344.88638,105.610634
833,344.8805,105.623085
834,344.874,105.63523
835,344.86685,105.647064
836,344.859,105.658516
837,344.8507,105.66977
838,344.84164,105.680595
839,344.832,105.6911
840,344.8217,105.70143
841,344.81073,105.711334
842,344.79922,105.72098
843,344.7871,105.73032
844,344.7743,105.739235
845,344.76083,105.747955
846,344.74677,105.75625
847,344.7321,105.76434
848,344.71674,105.77197
849,344.70084,105.77948
850,344.68423,105.78651
851,344.66702,105.79328
852,344.6492,105.79974
853,344.63074,105.80592
854,344.6117,105.811745
855,344.59204,105.817314
856,344.57166,105.822464
857,344.55072,105.82738
858,344.5291,105.83193
859,344.5069,105.836136
860,344.4841,105.84012
861,344.46063,105.84379
862,344.43658,105.84709
863,344.41187,105.85004
864,344.38654,105.8527
865,344.3606,105.85509
866,344.334,105.85714
867,344.30682,105.85885
868,344.279,105.86022
869,344.2505,105.86135
870,344.22144,105.86207
871,344.1917,105.86262
872,344.16138,105.86269
873,344.1305,105.86261
874,344.09888,105.86204
875,344.06665,105.86123
876,344.0338,105.8601
877,344.00034,105.858635
878,343.9663,105.856926
879,343.93158,105.85483
880,343.89624,105.85253
881,343.86035,105.84975
882,343.8237,105.84671
883,343.78644,105.84335
884,343.74863,105.839714
885,343.71014,105.83574
886,343.67108,105.83145
887,343.63138,105.82686
888,343.59103,105.821915
889,343.55008,105.81673
890,343.50848,105.81113
891,343.4663,105.80531
892,343.4234,105.79908
893,343.37994,105.79256
894,343.33582,105.7858
895,343.29108,105.778694
896,343.24573,105.771225
897,343.19974,105.76349
898,343.15308,105.755455
899,343.10587,105.74704
900,343.05795,105.7383
901,343.00946,105.72941
902,342.96036,105.720116
903,342.91058,105.710526
904,342.86023,105.70066
905,342.8092,105.69044
906,342.7575,105.67991
907,342.70526,105.669136
908,342.65228,105.657936
909,342.59875,105.64652
910,342.5445,105.63472
911,342.4897,105.62268
912,342.43427,105.61031
913,342.3781,105.59757
914,342.32132,105.58461
915,342.26392,105.57134
916,342.2059,105.557785
917,342.14722,105.54388
918,342.08795,105.52969
919,342.02792,105.51508
920,341.96732,105.500305
921,341.90604,105.48515
922,341.84418,105.46974
923,341.78162,105.4541
924,341.71838,105.43803
925,341.65454,105.42172
926,341.59003,105.40513
927,341.52487,105.38819
928,341.45905,105.37093
929,341.39264,105.35346
930,341.32553,105.335625
931,341.25775,105.31747
932,341.18933,105.2991
933,341.12027,105.280304
934,341.05057,105.2613
935,340.98022,105.24203
936,340.9092,105.2224
937,340.83755,105.2024
938,340.7653,105.18223
939,340.69238,105.161674
940,340.6188,105.1408
941,340.5446,105.11959
942,340.46967,105.0981
943,340.39413,105.076324
944,340.318,105.054214
945,340.24115,105.03183
946,340.1637,105.00904
947,340.08563,104.98602
948,340.00696,104.96272
949,339.92755,104.93901
950,339.84747,104.91486
951,339.7668,104.89054
952,339.6856,104.86584
953,339.6037,104.84078
954,339.52118,104.81536
955,339.438,104.78964
956,339.35428,104.76348
957,339.26993,104.73703
958,339.18506,104.710075
959,339.09988,104.68246
960,339.0141,104.65451
961,338.92773,104.626045
962,338.8408,104.597244
963,338.75336,104.56796
964,338.66504,104.53857
965,338.57593,104.50902
966,338.48627,104.47912
967,338.39792,104.44657
968,338.31036,104.41215
969,338.22235,104.377304
970,338.13373,104.34204
971,338.04456,104.30635
972,337.95486,104.27012
973,337.86465,104.233444
974,337.77393,104.196365
975,337.6827,104.15876
976,337.591,104.12063
977,337.4988,104.08205
978,337.4061,104.04289
979,337.31305,104.00319
980,337.21945,103.96289
981,337.12552,103.92213
982,337.0311,103.8807
983,336.93628,103.83874
984,336.84106,103.79604
985,336.74548,103.75279
986,336.6496,103.70889
987,336.5533,103.664314
988,336.45676,103.619026
989,336.35986,103.5731
990,336.26276,103.526436
991,336.16516,103.47904
992,336.06693,103.43107
993,335.9684,103.38229
994,335.8697,103.33279
995,335.77084,103.28249
996,335.67142,103.230736
997,335.57175,103.17791
998,335.4718,103.12411
999,335.37183,103.069435
1000,335.27173,103.01386
1001,335.17157,102.95738
1002,335.0713,102.89981
1003,334.97107,102.84137
1004,334.87073,102.78182
1005,334.77045,102.72126
1006,334.6702,102.65967
1007,334.56998,102.59697
1008,334.46976,102.53318
1009,334.36966,102.46832
1010,334.26968,102.402306
1011,334.16983,102.33514
1012,334.07007,102.26676
1013,333.97046,102.197296
1014,333.87103,102.126595
1015,333.7718,102.054665
1016,333.67242,101.981514
1017,333.57324,101.90717
1018,333.47433,101.831665
1019,333.3756,101.75482
1020,333.27707,101.67679
1021,333.17877,101.59742
1022,333.08078,101.51684
1023,332.98184,101.43301
1024,332.88318,101.34766
1025,332.78473,101.260635
1026,332.68665,101.17258
1027,332.5887,101.0832
1028,332.49103,100.99263
1029,332.39346,100.900795
1030,332.29614,100.80777
1031,332.19907,100.71353
1032,332.10214,100.61805
1033,332.00574,100.52147
1034,331.91632,100.422676
1035,331.82693,100.32271
1036,331.7378,100.22166
1037,331.64877,100.11956
1038,331.55988,100.016426
1039,331.47098,99.91225
1040,331.38214,99.80705
1041,331.29333,99.70095
1042,331.20447,99.594
1043,331.11557,99.48618
1044,331.0297,99.37702
1045,330.94897,99.26635
1046,330.86816,99.15487
1047,330.7871,99.042854
1048,330.7058,98.93018
1049,330.62418,98.81704
1050,330.5414,98.70424
1051,330.45813,98.59099
1052,330.3744,98.47746
1053,330.29004,98.36372
1054,330.2051,98.2496
1055,330.11954,98.1354
1056,330.03204,98.021324
1057,329.9429,97.90734
1058,329.85275,97.79345
1059,329.76163,97.67967
1060,329.66943,97.56625
1061,329.576,97.45305
1062,329.48132,97.340324
1063,329.38525,97.22791
1064,329.29117,97.12164
1065,329.20062,97.02426
1066,329.1082,96.92766
1067,329.01318,96.83201
1068,328.9165,96.737335
1069,328.81793,96.64365
1070,328.71753,96.550896
1071,328.61523,96.45928
1072,328.51123,96.368675
1073,328.40536,96.27924
1074,328.29733,96.19104
1075,328.18704,96.10414
1076,328.07455,96.01868
1077,327.95978,95.93465
1078,327.8426,95.85204
1079,327.7207,95.77121
1080,327.5962,95.69197
1081,327.4764,95.606964
1082,327.37915,95.49734
1083,327.2794,95.38929
1084,327.17664,95.28323
1085,327.07092,95.179276
1086,326.9623,95.07759
1087,326.8612,94.977615
1088,326.75702,94.87977
1089,326.65073,94.783554
1090,326.55646,94.67366
1091,326.4658,94.55874
1092,326.37036,94.447754
1093,326.2702,94.34056
1094,326.1653,94.23705
1095,326.0557,94.13726
1096,325.94098,94.04267
1097,325.82422,93.96089
1098,325.7111,93.895836
1099,325.59512,93.836685
1100,325.47482,93.78063
1101,325.35022,93.72774
1102,325.22144,93.67777
1103,325.0885,93.63076
1104,324.95154,93.58648
1105,324.81064,93.544846
1106,324.66553,93.506195
1107,324.51703,93.47102
1108,324.36563,93.439285
1109,324.2106,93.40978
1110,324.05225,93.38235
1111,323.8884,93.358444
1112,323.72095,93.3367
1113,323.55045,93.31662
1114,323.39005,93.31971
1115,323.23413,93.33663
1116,323.0754,93.35514
1117,322.91412,93.375404
1118,322.7514,93.39745
1119,322.58643,93.42032
1120,322.4189,93.444435
1121,322.2489,93.46962
1122,322.07645,93.4959
1123,321.9016,93.52316
1124,321.7244,93.55138
1125,321.54492,93.580475
1126,321.3631,93.610306
1127,321.17914,93.64088
1128,320.993,93.6722
1129,320.8047,93.704094
1130,320.61435,93.736626
1131,320.4219,93.76962
1132,320.22873,93.80253
1133,320.035,93.83515
1134,319.8394,93.868065
1135,319.6422,93.90093
1136,319.44318,93.934135
1137,319.24222,93.967514
1138,319.03937,94.00131
1139,318.83456,94.03548
1140,318.62793,94.06983
1141,318.41946,94.104355
1142,318.20917,94.13904
1143,317.997,94.17375
1144,317.78302,94.20854
1145,317.56732,94.24334
1146,317.34985,94.278114
1147,317.13055,94.31296
1148,316.90945,94.34766
1149,316.6865,94.38234
1150,316.4617,94.416885
1151,316.2351,94.451324
1152,316.00668,94.48566
1153,315.7763,94.51985
1154,315.5441,94.55388
1155,315.3109,94.589386
1156,315.07645,94.62569
1157,314.84,94.661766
1158,314.6016,94.697624
1159,314.36118,94.73325
1160,314.1187,94.76868
1161,313.87418,94.803825
1162,313.6275,94.8388
1163,313.37842,94.87381
1164,313.12738,94.90842
1165,312.89377,94.92267
1166,312.6584,94.93622
1167,312.4208,94.94937
1168,312.18097,94.96216
1169,311.93866,94.97448
1170,311.69403,94.98648
1171,311.447,94.998024
1172,311.19733,95.00911
1173,310.94516,95.01988
1174,310.69025,95.03014
1175,310.43256,95.04001
1176,310.17206,95.04945
1177,309.9084,95.05841
1178,309.64163,95.06702
1179,309.37152,95.075195
1180,309.09503,95.08348
1181,308.809,95.0924
1182,308.51874,95.1011
1183,308.2247,95.11037
1184,307.92664,95.12067
1185,307.62677,95.13035
1186,307.32355,95.13975
1187,307.01443,95.14915
1188,306.69843,95.1592
1189,306.3732,95.170586
1190,306.03992,95.182655
1191,305.6975,95.19556
1192,305.34442,95.20982
1193,304.97876,95.225945
1194,304.59885,95.24515
1195,304.20193,95.2674
1196,303.78552,95.293724
1197,303.34726,95.32518
1198,302.88663,95.36241
1199,302.4061,95.4054
1200,301.9124,95.45289
1201,301.41833,95.50177
1202,300.94125,95.54702
1203,300.51624,95.57776
1204,300.1492,95.59093
1205,299.82877,95.58891
1206,299.5558,95.57078
1207,299.3259,95.53731
1208,299.1328,95.49038
1209,298.97064,95.433266
1210,298.8289,95.367676
1211,298.70145,95.29571
1212,298.58313,95.21913
1213,298.4768,95.133804
1214,298.3836,95.037544
1215,298.30316,94.93319
1216,298.22806,94.82517
1217,298.15094,94.715324
1218,298.06808,94.60125
1219,297.9818,94.48702
1220,297.89328,94.37168
1221,297.82175,94.250275
1222,297.75177,94.12924
1223,297.6821,94.00613
1224,297.60858,93.88502
1225,297.53638,93.765396
1226,297.47653,93.64401
1227,297.45538,93.51286
1228,297.55237,93.34656
1229,297.89474,93.107925
1230,298.47455,92.80965
1231,298.73703,92.61535
1232,298.5572,92.53776
1233,298.21918,92.50068
1234,297.94714,92.44653
1235,297.75586,92.369
1236,297.5836,92.282295
1237,297.40482,92.192444
1238,297.21674,92.103165
1239,297.02054,92.01455
1240,296.81686,91.92487
1241,296.69232,91.81
1242,296.6144,91.67913
1243,296.5408,91.53975
1244,296.48434,91.38175
1245,296.4187,91.22889
1246,296.34525,91.08112
1247,296.26608,90.93628
1248,296.1835,90.79271
1249,296.08508,90.65783
1250,295.98517,90.523026
1251,295.87067,90.396225
1252,295.7431,90.27653
1253,295.6442,90.13915
1254,296.64673,89.356094
1255,303.27304,86.08826
1256,304.13104,85.61561
1257,304.394,85.35817
1258,304.64545,85.11034
1259,304.87613,84.874596
1260,305.10226,84.646034
1261,305.1004,84.48457
1262,304.88266,84.386986
1263,304.46063,84.34956
1264,303.89404,84.35792
1265,303.24707,84.39934
1266,302.5688,84.46044
1267,301.9205,84.52076
1268,301.3529,84.55528
1269,301.04678,84.49461
1270,301.13205,84.28925
1271,301.44904,84.00271
1272,301.98865,83.647606
1273,302.72128,83.24863
1274,305.11627,82.47127
1275,313.55225,81.8521
1276,315.84106,82.07349
1277,316.22266,82.051865
1278,316.36633,81.99206
1279,316.40155,81.91394
1280,316.37518,81.825874
1281,316.28104,81.729675
1282,316.13486,81.634346
1283,315.96085,81.53615
1284,315.7704,81.43739
1285,315.56628,81.34192
1286,315.35443,81.24916
1287,315.1378,81.15776
1288,314.9166,81.06775
1289,314.69382,80.98012
1290,314.47037,80.89446
1291,314.24347,80.80682
1292,314.04147,80.68805
1293,313.852,80.57495
1294,313.66364,80.47164
1295,313.47165,80.37166
1296,313.2685,80.26386
1297,313.0602,80.15736
1298,312.847,80.05214
1299,312.63226,79.94897
1300,312.41406,79.847305
1301,312.1913,79.746864
1302,311.96417,79.64769
1303,311.73254,79.549675
1304,311.49658,79.45278
1305,311.24612,79.367355
1306,310.98676,79.28772
1307,310.72293,79.20921
1308,310.4545,79.13211
1309,310.18164,79.05613
1310,309.90463,78.98104
1311,309.62363,78.90683
1312,309.33633,78.83567
1313,309.03436,78.77634
1314,308.7287,78.7166
1315,308.4194,78.65603
1316,308.10733,78.59524
1317,307.7926,78.534256
1318,307.47577,78.47234
1319,307.15778,78.409065
1320,306.83798,78.34564
1321,306.5115,78.28479
1322,306.18182,78.22409
1323,305.86282,78.13954
1324,305.54166,78.04991
1325,305.22235,77.956566
1326,304.90717,77.85743
1327,304.59772,77.75143
1328,304.29572,77.6372
1329,303.9972,77.51947
1330,303.6991,77.40233
1331,303.41193,77.27501
1332,303.13638,77.13658
1333,302.87692,76.984505
1334,302.63562,76.818
1335,302.41266,76.637764
1336,302.1993,76.449844
1337,302.01056,76.24405
1338,301.86508,76.00924
1339,301.74957,75.756874
1340,301.65997,75.48966
1341,301.62885,75.18743
1342,301.72327,74.81066
1343,302.01328,74.32447
1344,302.20575,73.91676
1345,302.2108,73.630806
1346,302.1047,73.41157
1347,301.92493,73.23742
1348,301.6893,73.0966
1349,301.40692,72.98319
1350,301.08344,72.89309
1351,300.72345,72.82255
1352,300.33057,72.766655
1353,299.91055,72.725716
1354,299.46167,72.70417
1355,298.98303,72.70511
1356,298.4856,72.717125
1357,297.97275,72.737724
1358,297.45227,72.758644
1359,296.91995,72.78605
1360,296.37735,72.818954
1361,295.82578,72.85645
1362,295.2665,72.89768
1363,294.69562,72.94847
1364,294.11386,73.008026
1365,293.52823,73.0679
1366,292.94495,73.12061
1367,292.36356,73.16672
1368,291.7827,73.208176
1369,291.204,73.24306
1370,290.62933,73.268234
1371,290.0603,73.28119
1372,289.49976,73.27969
1373,288.94995,73.26072
1374,288.4165,73.224594
1375,287.89932,73.165924
1376,287.39792,73.082634
1377,286.9775,72.89226
1378,286.57864,72.67076
1379,286.19116,72.43187
1380,285.80475,72.186844
1381,285.41986,71.93545
1382,285.0336,71.6783
1383,284.64755,71.41949
1384,284.25714,71.16294
1385,283.8611,70.90959
1386,283.45883,70.659874
1387,283.03162,70.43775
1388,282.58112,70.24154
1389,282.11722,70.05863
1390,281.63995,69.88886
1391,281.14987,69.73148
1392,280.64664,69.5845
1393,280.13297,69.44693
1394,279.6104,69.3172
1395,279.07996,69.19414
1396,278.5681,69.04493
1397,278.07632,68.86828
1398,277.5797,68.69495
1399,277.08185,68.52073
1400,276.58545,68.34432
1401,276.087,68.16851
1402,275.58655,67.99286
1403,275.08435,67.81753
1404,274.58096,67.64224
1405,274.07672,67.46721
1406,273.5702,67.293396
1407,273.06104,67.12144
1408,272.55338,66.94589
1409,272.05435,66.76316
1410,271.56073,66.58358
1411,271.06445,66.40671
1412,270.5729,66.24403
1413,270.07712,66.08208
1414,269.5767,65.92031
1415,269.0735,65.76151
1416,268.5671,65.60492
1417,268.05673,65.449875
1418,267.54556,65.29588
1419,267.036,65.14139
1420,266.53098,64.98401
1421,266.03943,64.81634
1422,265.55908,64.644646
1423,265.0824,64.468124
1424,264.61078,64.28462
1425,264.161,64.10334
1426,263.75018,63.94079
1427,263.35907,63.76974
1428,262.9739,63.58175
1429,262.606,63.368145
1430,262.2563,63.123657
1431,261.88644,62.88922
1432,261.52054,62.64504
1433,261.17017,62.378624
1434,260.83853,62.075806
1435,260.51285,61.766945
1436,260.16232,61.451344
1437,259.7438,61.12913
1438,259.21954,60.798252
1439,258.51382,60.47038
1440,257.5572,60.16462
1441,256.22592,59.919712
1442,254.53479,59.79773
1443,252.80045,59.80176
1444,251.392,59.827698
1445,250.22208,59.84664
1446,249.05917,59.912647
1447,247.74379,60.094147
1448,246.1831,60.67147
1449,244.14267,61.66694
1450,242.01266,62.88022
1451,239.94633,64.20394
1452,237.77893,65.74765
1453,235.77094,67.29227
1454,234.17761,68.5567
1455,233.10585,69.37316
1456,232.4158,69.83175
1457,231.97256,70.05587
1458,231.64514,70.159966
1459,231.39221,70.18214
1460,231.18478,70.15067
1461,231.00586,70.08259
1462,230.84401,69.985756
1463,230.68933,69.86114
1464,230.54237,69.721016
1465,230.39877,69.56925
1466,230.25731,69.40761
1467,230.12299,69.23123
1468,229.99472,69.04151
1469,229.87001,68.845604
1470,229.74384,68.64444
1471,229.61563,68.438736
1472,229.4853,68.22891
1473,229.33876,68.02393
1474,229.19977,67.81013
1475,229.06926,67.60678
1476,228.95981,67.4391
1477,228.84769,67.26886
1478,228.73218,67.095566
1479,228.61621,66.91625
1480,228.49667,66.7342
1481,228.36461,66.53772
1482,228.22589,66.33652
1483,228.08179,66.13555
1484,227.96841,65.91704
1485,227.84998,65.69762
1486,227.72787,65.47656
1487,227.59949,65.2553
1488,227.46574,65.03389
1489,227.32675,64.81195
1490,227.1824,64.58969
1491,227.0322,64.36651
1492,226.87494,64.14048
1493,226.71246,63.914642
1494,226.54758,63.689102
1495,226.42642,63.53581
1496,226.30386,63.381786
1497,226.17636,63.229153
1498,226.03946,63.085503
1499,225.90068,62.949165
1500,225.75853,62.814938
1501,225.61072,62.67996
1502,225.45738,62.54315
1503,225.2963,62.399815
1504,225.13144,62.256783
1505,224.96432,62.115692
1506,224.80077,61.97484
1507,224.69055,61.807106
1508,224.60106,61.636063
1509,224.51102,61.466766
1510,224.42088,61.299297
1511,224.33115,61.13357
1512,224.24222,60.969727
1513,224.1437,60.812283
1514,224.03036,60.66363
1515,223.91827,60.517353
1516,223.81482,60.369953
1517,223.73724,60.211727
1518,223.6613,60.05741
1519,223.58868,59.90555
1520,223.52573,59.761543
1521,223.47809,59.632023
1522,223.43956,59.503853
1523,223.41068,59.377216
1524,223.40121,59.25183
1525,223.4039,59.129124
1526,223.4083,59.008446
1527,223.3775,58.88286
1528,223.31168,58.74845
1529,223.21657,58.61712
1530,223.08185,58.48735
1531,222.90549,58.35477
1532,222.67093,58.224995
1533,222.38443,58.09731
1534,222.04941,57.971844
1535,221.68466,57.848236
1536,221.30817,57.742893
1537,220.92668,57.648987
1538,220.55838,57.550327
1539,220.19235,57.44949
1540,219.78079,57.350437
1541,219.24377,57.263035
1542,218.53816,57.19726
1543,217.74786,57.157154
1544,217.02786,57.115505
1545,216.45079,57.054676
1546,215.99951,56.963142
1547,215.76468,56.801384
1548,215.62225,56.617195
1549,215.4817,56.432198
1550,215.33582,56.247673
1551,215.18109,56.063614
1552,215.01724,55.88049
1553,214.88809,55.686214
1554,214.74759,55.490753
1555,214.60669,55.291332
1556,214.46114,55.089436
1557,214.30563,54.884052
1558,214.14105,54.674404
1559,213.9696,54.45933
1560,213.79846,54.23649
1561,213.62157,54.006474
1562,213.44327,53.768055
1563,213.2587,53.522003
1564,213.07895,53.26356
1565,212.91928,52.988556
1566,212.75458,52.70487
1567,212.58517,52.41234
1568,212.40823,52.112057
1569,212.22757,51.798065
1570,212.04156,51.476727
1571,211.87807,51.142723
1572,211.71277,50.80301
1573,211.53735,50.460556
1574,211.34119,50.120403
1575,211.08557,49.796295
1576,210.82944,49.48463
1577,210.58112,49.166836
1578,210.31232,48.850834
1579,210.03589,48.533672
1580,209.75278,48.21461
1581,209.46458,47.89234
1582,209.17035,47.56249
1583,208.87573,47.2265
1584,208.56573,46.889473
1585,208.25806,46.548187
1586,207.95273,46.198387
1587,207.65305,45.83821
1588,207.36589,45.462585
1589,207.08688,45.073895
1590,206.8193,44.66926
1591,206.56876,44.2445
1592,206.34137,43.794556
1593,206.14981,43.310078
1594,206.02634,42.770084
1595,206.0273,42.138054
1596,206.20898,41.38433
1597,206.58856,40.517433
1598,207.10687,39.597157
1599,207.67258,38.67771
1600,208.08015,37.864567
1601,208.28038,37.155804
1602,208.32404,36.510727
1603,208.32193,35.88061
1604,208.31726,35.251102
1605,208.29672,34.635452
1606,208.31491,34.05202
1607,208.33466,33.46225
1608,208.37169,32.858997
1609,208.40689,32.255478
1610,208.45422,31.646729
1611,208.58118,31.001171
1612,208.7125,30.433228
1613,208.95056,30.146585
1614,209.11609,29.88425
1615,209.2146,29.630644
1616,209.28584,29.382578
1617,209.29727,29.146788
1618,209.26012,28.932478
1619,209.16473,28.731674
1620,209.00647,28.550392
1621,208.8671,28.297596
1622,208.7376,27.98738
1623,208.56108,27.686974
1624,208.31589,27.430567
1625,208.0484,27.179596
1626,207.77347,26.952448
1627,207.48663,26.732538
1628,207.18604,26.524862
1629,206.8687,26.320139
1630,206.53873,26.11714
1631,206.20876,25.902689
1632,205.87115,25.717428
1633,205.53224,25.53882
1634,205.18465,25.351261
1635,204.82578,25.150843
1636,204.48189,24.988342
1637,204.15271,24.863253
1638,203.822,24.764797
1639,203.50319,24.701763
1640,203.17903,24.652508
1641,202.84772,24.604712
1642,202.51035,24.555576
1643,202.1622,24.51142
1644,201.8336,24.437048
1645,201.578,24.274937
1646,201.29579,24.139252
1647,200.96559,24.050335
1648,200.61996,23.97518
1649,200.2702,23.902037
1650,199.91656,23.831034
1651,199.55893,23.762592
1652,199.19821,23.697384
1653,198.87839,23.61904
1654,198.61827,23.491457
1655,198.38805,23.428791
1656,198.19319,23.439526
1657,198.09676,23.376787
1658,197.99623,23.315157
1659,197.88171,23.261621
1660,197.7525,23.216602
1661,197.61166,23.17529
1662,197.44632,23.121023
1663,197.27348,23.066511
1664,197.09056,23.015247
1665,196.85516,23.009174
1666,196.59573,23.019873
1667,196.32954,23.03395
1668,196.05719,23.052275
1669,195.77045,23.080408
1670,195.4821,23.109077
1671,195.19049,23.131481
1672,194.8926,23.143988
1673,194.58548,23.162395
1674,194.2461,23.215754
1675,193.91118,23.265774
1676,193.58351,23.310904
1677,193.26762,23.348804
1678,193.00824,23.327435
1679,192.76279,23.295334
1680,192.53046,23.254015
1681,192.31154,23.203365
1682,192.1255,23.11882
1683,191.96474,23.007826
1684,191.8218,22.877335
1685,191.76941,22.81006
1686,191.78052,22.767456
1687,191.82024,22.69218
1688,191.88916,22.576311
1689,191.98622,22.414352
1690,192.11285,22.200214
1691,192.2669,21.931337
1692,192.42133,21.638733
1693,192.58615,21.30549
1694,192.75415,20.947296
1695,192.91312,20.592043
1696,193.02887,20.26015
1697,193.09003,19.96445
1698,193.09541,19.701769
1699,193.04247,19.477102
1700,192.92432,19.29859
1701,192.73969,19.169563
1702,192.49231,19.082777
1703,192.17859,19.03714
1704,191.80026,19.030926
1705,191.38815,19.05976
1706,190.95564,19.125187
1707,190.51083,19.225258
1708,190.05006,19.35639
1709,189.51466,19.50772
1710,188.88641,19.658722
1711,188.16333,19.796787
1712,187.36914,19.90473
1713,186.50266,19.996614
1714,185.80453,20.211864
1715,185.03812,20.427723
1716,184.35461,20.652336
1717,183.5271,20.772038
1718,182.70181,20.89519
1719,181.80127,20.961174
1720,180.84207,20.983065
1721,179.86417,20.994425
1722,178.8796,21.010462
1723,177.88072,21.01779
1724,176.86922,21.029064
1725,175.84833,21.055618
1726,174.83914,21.086945
1727,173.8333,21.133057
1728,172.82281,21.17248
1729,171.83282,21.229763
1730,170.84566,21.31161
1731,169.84709,21.414474
1732,168.87451,21.51873
1733,167.92442,21.625496
